{
"version":	"MAXPKBTG: V2",
"slotIndices": 	[-1],
"repeatSlotIndices":	false,
"pathArrays":	[[-1]],
"prizes":	[800,450,200,120,60,35,20,8,20,35,60,120,200,450,800],
"repeatPathArrays":	false,
"BUMPOn":	true,
"BUMPOffset":	0,
"multipliersSetA":	[2,3,4,5],
"multipliersWeightsSetA":	[25,25,25,25],
"multipliersSetB":	[3,4,5,6],
"multipliersWeightsSetB":	[25,25,25,25],
"multipliersSetA_weights_row":	[3,5,9,11,13,18,13,11,9,5,3],
"multipliersSetB_weights_row":	[3,5,9,11,13,18,13,11,9,5,3],
"multipliersSetA_weights_location":	[
	[30,40,30],
	[20,30,30,20],
	[15,22,26,22,15],
	[10,16,24,24,16,10],
	[10,12,18,20,18,12,10],
	[10,12,14,16,14,12,12,10],
	[10,10,11,12,14,12,11,10,10],
	[8,8,10,10,14,14,10,10,8,8],
	[6,6,8,10,13,14,13,10,8,6,6],
	[5,6,6,8,11,14,14,11,8,6,6,5],
	[8,9,7,8,7,7,7,8,7,8,7,9,8]
	],
"multipliersSetB_weights_location":	[
	[30,40,30],
	[20,30,30,20],
	[15,22,26,22,15],
	[10,16,24,24,16,10],
	[10,12,18,20,18,12,10],
	[10,12,14,16,14,12,12,10],
	[10,10,11,12,14,12,11,10,10],
	[8,8,10,10,14,14,10,10,8,8],
	[6,6,8,10,13,14,13,10,8,6,6],
	[5,6,6,8,11,14,14,11,8,6,6,5],
	[8,9,7,8,7,7,7,8,7,8,7,9,8]
	],
"slotsWeights":	[0.0365296803652968,0.045662100456621,0.0547945205479452,0.0547945205479452,0.114155251141553,0.0684931506849315,0.0684931506849315,0.114155251141553,0.0684931506849315,0.0684931506849315,0.114155251141553,0.0547945205479452,0.0547945205479452,0.045662100456621,0.0365296803652968]
}
